{
  "observers": {
    "0073b57f1dbff29e6c361424c6e40029": {
      "args": {
        "backendId": {
          "choices": {
            "DNN_BACKEND_CUDA": 5,
            "DNN_BACKEND_DEFAULT": 0,
            "DNN_BACKEND_HALIDE": 1,
            "DNN_BACKEND_INFERENCE_ENGINE": 2,
            "DNN_BACKEND_OPENCV": 3,
            "DNN_BACKEND_VKCOM": 4,
            "DNN_BACKEND_WEBNN": 6,
            "default": 0
          },
          "index": 8,
          "kind": "POSITIONAL_OR_KEYWORD",
          "name": "backendId",
          "type": "choices",
          "value": 0
        },
        "binary_threshold": {
          "index": 4,
          "kind": "POSITIONAL_OR_KEYWORD",
          "name": "binary_threshold",
          "type": "float",
          "value": 0.3
        },
        "det_model_path": {
          "index": 2,
          "kind": "POSITIONAL_OR_KEYWORD",
          "name": "det_model_path",
          "type": "Any",
          "value": "./custom/opencv_zoo/models/text_detection_db/text_detection_DB_TD500_resnet18_2021sep.onnx"
        },
        "func_uniquekey": {
          "index": 1,
          "kind": "POSITIONAL_OR_KEYWORD",
          "name": "func_uniquekey",
          "type": "Any",
          "value": "text_detection"
        },
        "image": {
          "index": 0,
          "kind": "POSITIONAL_OR_KEYWORD",
          "name": "image",
          "type": "Any",
          "value": null
        },
        "input_size": {
          "index": 3,
          "kind": "POSITIONAL_OR_KEYWORD",
          "name": "input_size",
          "type": "tuple",
          "value": "(736, 736)"
        },
        "max_candidates": {
          "index": 6,
          "kind": "POSITIONAL_OR_KEYWORD",
          "name": "max_candidates",
          "type": "int",
          "value": 200
        },
        "polygon_threshold": {
          "index": 5,
          "kind": "POSITIONAL_OR_KEYWORD",
          "name": "polygon_threshold",
          "type": "float",
          "value": 0.5
        },
        "targetId": {
          "choices": {
            "DNN_TARGET_CPU": 0,
            "DNN_TARGET_CUDA": 6,
            "DNN_TARGET_CUDA_FP16": 7,
            "DNN_TARGET_FPGA": 5,
            "DNN_TARGET_HDDL": 8,
            "DNN_TARGET_MYRIAD": 3,
            "DNN_TARGET_OPENCL": 1,
            "DNN_TARGET_OPENCL_FP16": 2,
            "DNN_TARGET_VULKAN": 4,
            "default": 0
          },
          "index": 9,
          "kind": "POSITIONAL_OR_KEYWORD",
          "name": "targetId",
          "type": "choices",
          "value": 0
        },
        "unclip_ratio": {
          "index": 7,
          "kind": "POSITIONAL_OR_KEYWORD",
          "name": "unclip_ratio",
          "type": "float",
          "value": 2
        }
      },
      "from": "cvdl",
      "name": "text_detection_db",
      "op": "map",
      "output": [],
      "returnType": "Callable",
      "type": "func",
      "uuid": "0073b57f1dbff29e6c361424c6e40029"
    },
    "439c115f6a6010e16453de7f669f3446": {
      "args": {
        "args": {
          "choices": null,
          "index": 0,
          "kind": "VAR_POSITIONAL",
          "name": "args",
          "type": "list",
          "value": [
            "@ca4e57e538fe41093503dab72216fe2c_2",
            "@ca4e57e538fe41093503dab72216fe2c_0_1",
            "@369c0168a3c24cced0a8d3c13ab44680"
          ]
        }
      },
      "from": "observables",
      "name": "zip",
      "op": "",
      "returnType": "Observable",
      "type": "func",
      "uuid": "439c115f6a6010e16453de7f669f3446"
    },
    "492c622dc9e6646670d174f5803b01e3": {
      "args": {
        "args": {
          "index": 1,
          "kind": "POSITIONAL_OR_KEYWORD",
          "type": "list",
          "value": [
            "x0"
          ]
        },
        "line": {
          "index": 0,
          "kind": "POSITIONAL_OR_KEYWORD",
          "type": "str",
          "value": "x0[0]"
        }
      },
      "from": "custom",
      "line": "x0[0]",
      "name": "LAMBDA",
      "op": "map",
      "type": "lambda",
      "uuid": "492c622dc9e6646670d174f5803b01e3"
    },
    "502d5c1c14c4bdf97f73a77d6d573268": {
      "args": {
        "args": {
          "choices": null,
          "index": 0,
          "kind": "VAR_POSITIONAL",
          "name": "args",
          "type": "list",
          "value": [
            "@ca4e57e538fe41093503dab72216fe2c_1",
            "@ca4e57e538fe41093503dab72216fe2c_0_0"
          ]
        }
      },
      "from": "observables",
      "name": "zip",
      "op": "",
      "returnType": "Observable",
      "type": "func",
      "uuid": "502d5c1c14c4bdf97f73a77d6d573268"
    },
    "71dd6e62bd3d0bbd53dcf48196e72841": {
      "args": {
        "args": {
          "index": 1,
          "kind": "POSITIONAL_OR_KEYWORD",
          "type": "list",
          "value": [
            "x0"
          ]
        },
        "line": {
          "index": 0,
          "kind": "POSITIONAL_OR_KEYWORD",
          "type": "str",
          "value": "x0.reshape(8)"
        }
      },
      "from": "custom",
      "line": "x0.reshape(8)",
      "name": "LAMBDA",
      "op": "map",
      "type": "lambda",
      "uuid": "71dd6e62bd3d0bbd53dcf48196e72841"
    },
    "75b6ccf158d21d6efb896ed56ef137a2": {
      "args": {
        "mat": {
          "index": 0,
          "kind": "POSITIONAL_OR_KEYWORD",
          "name": "mat",
          "type": "NDArray",
          "value": null
        }
      },
      "from": "custom",
      "name": "imshow",
      "op": "",
      "returnType": "Any",
      "type": "func",
      "uuid": "75b6ccf158d21d6efb896ed56ef137a2"
    },
    "79cadf6ea1be2e231cbf436f8ea6928c": {
      "args": {
        "filename": {
          "index": 0,
          "kind": "POSITIONAL_OR_KEYWORD",
          "name": "filename",
          "type": "Any",
          "value": null
        },
        "flags": {
          "choices": {
            "IMREAD_ANYCOLOR": 4,
            "IMREAD_ANYDEPTH": 2,
            "IMREAD_COLOR": 1,
            "IMREAD_GRAYSCALE": 0,
            "IMREAD_IGNORE_ORIENTATION": 128,
            "IMREAD_LOAD_GDAL": 8,
            "IMREAD_REDUCED_COLOR_2": 17,
            "IMREAD_REDUCED_COLOR_4": 33,
            "IMREAD_REDUCED_COLOR_8": 65,
            "IMREAD_REDUCED_GRAYSCALE_2": 16,
            "IMREAD_REDUCED_GRAYSCALE_4": 32,
            "IMREAD_REDUCED_GRAYSCALE_8": 64,
            "IMREAD_UNCHANGED": -1,
            "default": 0
          },
          "index": 1,
          "kind": "POSITIONAL_OR_KEYWORD",
          "name": "flags",
          "type": "choices",
          "value": 0
        }
      },
      "from": "cv2",
      "name": "imread",
      "op": "map",
      "output": [],
      "returnType": "Callable",
      "type": "func",
      "uuid": "79cadf6ea1be2e231cbf436f8ea6928c"
    },
    "883dddc6a26e1b4d98e5032b7e35558c": {
      "args": {
        "input_": {
          "index": 0,
          "kind": "POSITIONAL_OR_KEYWORD",
          "name": "input_",
          "type": "Any",
          "value": null
        }
      },
      "from": "custom",
      "name": "print_",
      "op": "",
      "returnType": "empty",
      "type": "func",
      "uuid": "883dddc6a26e1b4d98e5032b7e35558c"
    },
    "89190c5a1e8f1a6531fc11f8ef3bcf3a": {
      "args": {
        "repeat_count": {
          "choices": null,
          "index": 0,
          "kind": "POSITIONAL_OR_KEYWORD",
          "name": "repeat_count",
          "title_tag": true,
          "type": "Any",
          "value": "@parameter_repeat_value"
        }
      },
      "from": "operators",
      "name": "repeat",
      "op": "",
      "returnType": "Callable",
      "type": "func",
      "uuid": "89190c5a1e8f1a6531fc11f8ef3bcf3a"
    },
    "8e5b6d2030fb8d4f49ae8addf399f23b": {
      "args": {
        "dsize": {
          "choices": null,
          "index": 1,
          "kind": "POSITIONAL_OR_KEYWORD",
          "name": "dsize",
          "type": "tuple",
          "value": "(736,736)"
        },
        "fx": {
          "index": 2,
          "kind": "POSITIONAL_OR_KEYWORD",
          "name": "fx",
          "type": "int",
          "value": 0
        },
        "fy": {
          "index": 3,
          "kind": "POSITIONAL_OR_KEYWORD",
          "name": "fy",
          "type": "int",
          "value": 0
        },
        "interpolation": {
          "choices": {
            "INTER_AREA": 3,
            "INTER_CUBIC": 2,
            "INTER_LANCZOS4": 4,
            "INTER_LINEAR": 1,
            "INTER_LINEAR_EXACT": 5,
            "INTER_MAX": 7,
            "INTER_NEAREST": 0,
            "INTER_NEAREST_EXACT": 6,
            "WARP_FILL_OUTLIERS": 8,
            "WARP_INVERSE_MAP": 16,
            "default": 0
          },
          "index": 4,
          "kind": "POSITIONAL_OR_KEYWORD",
          "name": "interpolation",
          "type": "choices",
          "value": 0
        },
        "src": {
          "index": 0,
          "kind": "POSITIONAL_OR_KEYWORD",
          "name": "src",
          "type": "NDArray",
          "value": null
        }
      },
      "from": "cv2",
      "name": "resize",
      "op": "map",
      "output": [],
      "returnType": "Callable",
      "type": "func",
      "uuid": "8e5b6d2030fb8d4f49ae8addf399f23b"
    },
    "921634e5aa73d0c977d17d9d242e521b": {
      "args": {
        "boxes": {
          "index": 1,
          "kind": "POSITIONAL_OR_KEYWORD",
          "name": "boxes",
          "type": "Any",
          "value": null
        },
        "color": {
          "index": 3,
          "kind": "POSITIONAL_OR_KEYWORD",
          "name": "color",
          "type": "Any",
          "value": "(0, 255, 0)"
        },
        "image": {
          "index": 0,
          "kind": "POSITIONAL_OR_KEYWORD",
          "name": "image",
          "type": "Any",
          "value": null
        },
        "isClosed": {
          "index": 4,
          "kind": "POSITIONAL_OR_KEYWORD",
          "name": "isClosed",
          "type": "Any",
          "value": "True"
        },
        "texts": {
          "index": 2,
          "kind": "POSITIONAL_OR_KEYWORD",
          "name": "texts",
          "type": "Any",
          "value": null
        },
        "thickness": {
          "index": 5,
          "kind": "POSITIONAL_OR_KEYWORD",
          "name": "thickness",
          "type": "Any",
          "value": "2"
        }
      },
      "from": "cvdl",
      "name": "text_recognition_visualize",
      "op": "map",
      "returnType": "Callable",
      "type": "func",
      "uuid": "921634e5aa73d0c977d17d9d242e521b"
    },
    "a86ca23718bd628d5a62014e809760cd": {
      "args": {
        "backendId": {
          "choices": {
            "DNN_BACKEND_CUDA": 5,
            "DNN_BACKEND_DEFAULT": 0,
            "DNN_BACKEND_HALIDE": 1,
            "DNN_BACKEND_INFERENCE_ENGINE": 2,
            "DNN_BACKEND_OPENCV": 3,
            "DNN_BACKEND_VKCOM": 4,
            "DNN_BACKEND_WEBNN": 6,
            "default": 0
          },
          "index": 5,
          "kind": "POSITIONAL_OR_KEYWORD",
          "name": "backendId",
          "type": "choices",
          "value": 0
        },
        "charset_path": {
          "index": 4,
          "kind": "POSITIONAL_OR_KEYWORD",
          "name": "charset_path",
          "type": "str",
          "value": "./custom/opencv_zoo/models/text_recognition_crnn/charset_3944_CN.txt"
        },
        "func_uniquekey": {
          "index": 2,
          "kind": "POSITIONAL_OR_KEYWORD",
          "name": "func_uniquekey",
          "type": "str",
          "value": "text_recognition"
        },
        "image": {
          "index": 0,
          "kind": "POSITIONAL_OR_KEYWORD",
          "name": "image",
          "type": "Any",
          "value": null
        },
        "rec_model_path": {
          "index": 3,
          "kind": "POSITIONAL_OR_KEYWORD",
          "name": "rec_model_path",
          "type": "str",
          "value": "./custom/opencv_zoo/models/text_recognition_crnn/text_recognition_CRNN_CN_2021nov.onnx"
        },
        "roi": {
          "index": 1,
          "kind": "POSITIONAL_OR_KEYWORD",
          "name": "roi",
          "type": "tuple",
          "value": null
        },
        "targetId": {
          "choices": {
            "DNN_TARGET_CPU": 0,
            "DNN_TARGET_CUDA": 6,
            "DNN_TARGET_CUDA_FP16": 7,
            "DNN_TARGET_FPGA": 5,
            "DNN_TARGET_HDDL": 8,
            "DNN_TARGET_MYRIAD": 3,
            "DNN_TARGET_OPENCL": 1,
            "DNN_TARGET_OPENCL_FP16": 2,
            "DNN_TARGET_VULKAN": 4,
            "default": 0
          },
          "index": 6,
          "kind": "POSITIONAL_OR_KEYWORD",
          "name": "targetId",
          "type": "choices",
          "value": 0
        }
      },
      "from": "cvdl",
      "name": "text_recognition_crnn",
      "op": "map",
      "returnType": "Callable",
      "type": "func",
      "uuid": "a86ca23718bd628d5a62014e809760cd"
    },
    "a902efccaae0e05d8c378f16fce8b97b": {
      "args": {},
      "from": "operators",
      "name": "merge_all",
      "op": "",
      "returnType": "Callable",
      "type": "func",
      "uuid": "a902efccaae0e05d8c378f16fce8b97b"
    },
    "b7f73b7b590a15fdcbe9a441355cbe5e": {
      "args": {
        "iterable": {
          "index": 0,
          "kind": "POSITIONAL_OR_KEYWORD",
          "name": "iterable",
          "type": "Any",
          "value": null
        },
        "scheduler": {
          "index": 1,
          "kind": "POSITIONAL_OR_KEYWORD",
          "name": "scheduler",
          "type": "Any",
          "value": "None"
        }
      },
      "from": "observables",
      "name": "from_iterable",
      "op": "map",
      "output": [],
      "returnType": "Callable",
      "type": "func",
      "uuid": "b7f73b7b590a15fdcbe9a441355cbe5e"
    },
    "c3bac6523532b4c1a7543102ce23bcf6": {
      "args": {
        "input_": {
          "index": 0,
          "kind": "POSITIONAL_OR_KEYWORD",
          "name": "input_",
          "type": "Any",
          "value": null
        }
      },
      "from": "custom",
      "name": "print_",
      "op": "map",
      "returnType": "Callable",
      "type": "func",
      "uuid": "c3bac6523532b4c1a7543102ce23bcf6"
    },
    "c5c0bbccdabb40ef99d86be278672d88": {
      "args": {
        "args": {
          "choices": null,
          "index": 0,
          "kind": "VAR_POSITIONAL",
          "name": "args",
          "type": "list",
          "value": [
            "./data/textcarrc.jpg"
          ]
        }
      },
      "from": "observables",
      "name": "of",
      "op": "",
      "output": [],
      "returnType": "Observable",
      "type": "func",
      "uuid": "c5c0bbccdabb40ef99d86be278672d88"
    },
    "f6a9109a8e5fd740670db6f366c065c5": {
      "args": {
        "count": {
          "choices": null,
          "index": 0,
          "kind": "POSITIONAL_OR_KEYWORD",
          "name": "count",
          "type": "int",
          "value": "@parameter_buffersize"
        },
        "skip": {
          "index": 1,
          "kind": "POSITIONAL_OR_KEYWORD",
          "name": "skip",
          "type": "Any",
          "value": "None"
        }
      },
      "from": "operators",
      "name": "buffer_with_count",
      "op": "",
      "returnType": "Callable",
      "type": "func",
      "uuid": "f6a9109a8e5fd740670db6f366c065c5"
    },
    "6dcd724dffef6e78953b4812a7474e85": {
      "type": "func",
      "from": "cvdl",
      "uuid": "6dcd724dffef6e78953b4812a7474e85",
      "name": "text_recognition_visualize",
      "op": "map",
      "returnType": "Callable",
      "args": {
        "boxes": {
          "index": 1,
          "kind": "POSITIONAL_OR_KEYWORD",
          "name": "boxes",
          "type": "Any",
          "value": null
        },
        "color": {
          "index": 3,
          "kind": "POSITIONAL_OR_KEYWORD",
          "name": "color",
          "type": "tuple",
          "value": "(0, 255, 0)"
        },
        "image": {
          "index": 0,
          "kind": "POSITIONAL_OR_KEYWORD",
          "name": "image",
          "type": "Any",
          "value": null
        },
        "isClosed": {
          "index": 4,
          "kind": "POSITIONAL_OR_KEYWORD",
          "name": "isClosed",
          "type": "bool",
          "value": true
        },
        "texts": {
          "index": 2,
          "kind": "POSITIONAL_OR_KEYWORD",
          "name": "texts",
          "type": "Any",
          "value": null
        },
        "thickness": {
          "index": 5,
          "kind": "POSITIONAL_OR_KEYWORD",
          "name": "thickness",
          "type": "int",
          "value": 2
        }
      }
    }
  },
  "relations": {
    "369c0168a3c24cced0a8d3c13ab44680": {
      "args": {
        "head": {
          "value": "@502d5c1c14c4bdf97f73a77d6d573268"
        },
        "pipe": {
          "type": "list",
          "value": [
            null,
            "@a86ca23718bd628d5a62014e809760cd",
            null,
            "@f6a9109a8e5fd740670db6f366c065c5"
          ]
        },
        "subscribe": {
          "extraData": {
            "type": "single",
            "value": null
          },
          "type": "str",
          "value": "None"
        }
      },
      "from": "core",
      "name": "build_observerable",
      "type": "observerable"
    },
    "8f0af8185476ab7d5f7daf8d2ff32c0c": {
      "args": {
        "head": {
          "value": "@439c115f6a6010e16453de7f669f3446"
        },
        "pipe": {
          "type": "list",
          "value": [
            null,
            null,
            "@6dcd724dffef6e78953b4812a7474e85"
          ]
        },
        "subscribe": {
          "extraData": {
            "type": "single",
            "value": "@75b6ccf158d21d6efb896ed56ef137a2"
          },
          "type": "str",
          "value": "@75b6ccf158d21d6efb896ed56ef137a2"
        }
      },
      "from": "core",
      "name": "build_observerable",
      "type": "observerable"
    },
    "ca4e57e538fe41093503dab72216fe2c": {
      "args": {
        "head": {
          "value": "@c5c0bbccdabb40ef99d86be278672d88"
        },
        "pipe": {
          "type": "list",
          "value": [
            null,
            "@79cadf6ea1be2e231cbf436f8ea6928c",
            "@8e5b6d2030fb8d4f49ae8addf399f23b",
            null,
            null
          ]
        },
        "subscribe": {
          "extraData": {
            "type": "multicast",
            "value": [
              0,
              1,
              2
            ]
          },
          "type": "str",
          "value": "@core.get_subject('ca4e57e538fe41093503dab72216fe2c')"
        }
      },
      "from": "core",
      "name": "build_observerable",
      "type": "observerable"
    },
    "ca4e57e538fe41093503dab72216fe2c_0": {
      "args": {
        "head": {
          "value": "@core.get_subject('ca4e57e538fe41093503dab72216fe2c')"
        },
        "pipe": {
          "type": "list",
          "value": [
            null,
            "@0073b57f1dbff29e6c361424c6e40029",
            null,
            "@492c622dc9e6646670d174f5803b01e3",
            null,
            "@b7f73b7b590a15fdcbe9a441355cbe5e",
            null,
            "@a902efccaae0e05d8c378f16fce8b97b",
            null,
            null
          ]
        },
        "subscribe": {
          "extraData": {
            "type": "multicast",
            "value": [
              0,
              1
            ]
          },
          "type": "str",
          "value": "@core.get_subject('ca4e57e538fe41093503dab72216fe2c_0')"
        }
      },
      "from": "core",
      "name": "build_observerable",
      "type": "observerable"
    },
    "ca4e57e538fe41093503dab72216fe2c_0_0": {
      "args": {
        "head": {
          "value": "@core.get_subject('ca4e57e538fe41093503dab72216fe2c_0','replay')"
        },
        "pipe": {
          "type": "list",
          "value": [
            null,
            "@71dd6e62bd3d0bbd53dcf48196e72841"
          ]
        },
        "subscribe": {
          "extraData": {
            "type": "single",
            "value": "None"
          },
          "type": "str",
          "value": "None"
        }
      },
      "from": "core",
      "name": "build_observerable",
      "type": "observerable"
    },
    "ca4e57e538fe41093503dab72216fe2c_0_1": {
      "args": {
        "head": {
          "value": "@core.get_subject('ca4e57e538fe41093503dab72216fe2c_0','replay')"
        },
        "pipe": {
          "type": "list",
          "value": [
            null,
            "@f6a9109a8e5fd740670db6f366c065c5"
          ]
        },
        "subscribe": {
          "extraData": {
            "type": "single",
            "value": null
          },
          "type": "str",
          "value": "None"
        }
      },
      "from": "core",
      "name": "build_observerable",
      "type": "observerable"
    },
    "ca4e57e538fe41093503dab72216fe2c_1": {
      "args": {
        "head": {
          "value": "@core.get_subject('ca4e57e538fe41093503dab72216fe2c')"
        },
        "pipe": {
          "type": "list",
          "value": [
            null,
            null,
            "@89190c5a1e8f1a6531fc11f8ef3bcf3a"
          ]
        },
        "subscribe": {
          "extraData": {
            "type": "single",
            "value": null
          },
          "type": "str",
          "value": "None"
        }
      },
      "from": "core",
      "name": "build_observerable",
      "type": "observerable"
    },
    "ca4e57e538fe41093503dab72216fe2c_2": {
      "args": {
        "head": {
          "value": "@core.get_subject('ca4e57e538fe41093503dab72216fe2c','replay')"
        },
        "pipe": {
          "type": "list",
          "value": [
            null,
            null,
            "@89190c5a1e8f1a6531fc11f8ef3bcf3a"
          ]
        },
        "subscribe": {
          "extraData": {
            "type": "single",
            "value": null
          },
          "type": "str",
          "value": "None"
        }
      },
      "from": "core",
      "name": "build_observerable",
      "type": "observerable"
    }
  },
  "parameters": {
    "parameter_buffersize": {
      "args": {
        "input_": {
          "type": "int",
          "value": 10
        }
      },
      "from": "custom",
      "name": "parameter",
      "tag": "buffersize"
    },
    "parameter_repeat_value": {
      "args": {
        "input_": {
          "type": "int",
          "value": 10
        }
      },
      "from": "custom",
      "name": "parameter",
      "tag": "repeat_value"
    }
  }
}