{
  "observers": {
    "28963cc3533b804143828934e78421d0": {
      "args": {
        "a": {
          "index": 0,
          "kind": "POSITIONAL_OR_KEYWORD",
          "name": "a",
          "type": "Any",
          "value": null
        },
        "axes": {
          "index": 2,
          "kind": "POSITIONAL_OR_KEYWORD",
          "name": "axes",
          "type": "tuple",
          "value": "(-2, -1)"
        },
        "norm": {
          "choices": {
            "backward": "backward",
            "default": "backward",
            "forward": "forward",
            "ortho": "ortho"
          },
          "index": 3,
          "kind": "POSITIONAL_OR_KEYWORD",
          "name": "norm",
          "type": "choices",
          "value": "backward"
        },
        "s": {
          "index": 1,
          "kind": "POSITIONAL_OR_KEYWORD",
          "name": "s",
          "type": "tuple",
          "value": "None"
        }
      },
      "from": "np",
      "name": "ifft2",
      "op": "map",
      "output": [],
      "type": "func",
      "uuid": "28963cc3533b804143828934e78421d0"
    },
    "61f003969f494deb94dd3855da21be5f": {
      "args": {
        "axes": {
          "index": 1,
          "kind": "POSITIONAL_OR_KEYWORD",
          "name": "axes",
          "type": "tuple",
          "value": "None"
        },
        "x": {
          "index": 0,
          "kind": "POSITIONAL_OR_KEYWORD",
          "name": "x",
          "type": "Any",
          "value": null
        }
      },
      "from": "np",
      "name": "ifftshift",
      "op": "map",
      "output": [],
      "type": "func",
      "uuid": "61f003969f494deb94dd3855da21be5f"
    },
    "655a88619c120280de0d1f2b7430522c": {
      "args": {
        "mat": {
          "index": 0,
          "kind": "POSITIONAL_OR_KEYWORD",
          "name": "mat",
          "type": "NDArray",
          "value": null
        }
      },
      "from": "custom",
      "name": "imshow",
      "op": "map",
      "output": [],
      "type": "func",
      "uuid": "655a88619c120280de0d1f2b7430522c"
    },
    "68c2599876eee43f673045a5cf878e48": {
      "args": {
        "code": {
          "choices": null,
          "index": 1,
          "kind": "POSITIONAL_OR_KEYWORD",
          "name": "code",
          "type": "choices",
          "value": 11
        },
        "dstCn": {
          "index": 2,
          "kind": "POSITIONAL_OR_KEYWORD",
          "name": "dstCn",
          "type": "int",
          "value": 0
        },
        "src": {
          "index": 0,
          "kind": "POSITIONAL_OR_KEYWORD",
          "name": "src",
          "type": "NDArray",
          "value": null
        }
      },
      "from": "cv2",
      "name": "cvtColor",
      "op": "map",
      "output": [],
      "type": "func",
      "uuid": "68c2599876eee43f673045a5cf878e48"
    },
    "75b6ccf158d21d6efb896ed56ef137a2": {
      "args": {
        "mat": {
          "index": 0,
          "kind": "POSITIONAL_OR_KEYWORD",
          "name": "mat",
          "type": "NDArray",
          "value": null
        }
      },
      "from": "custom",
      "name": "imshow",
      "op": "",
      "output": [],
      "type": "func",
      "uuid": "75b6ccf158d21d6efb896ed56ef137a2"
    },
    "79a25fe1adcc1662cdf53f0c43f186f3": {
      "args": {
        "a": {
          "index": 0,
          "kind": "POSITIONAL_OR_KEYWORD",
          "name": "a",
          "type": "Any",
          "value": null
        },
        "axes": {
          "index": 2,
          "kind": "POSITIONAL_OR_KEYWORD",
          "name": "axes",
          "type": "tuple",
          "value": "(-2, -1)"
        },
        "norm": {
          "choices": {
            "backward": "backward",
            "default": "backward",
            "forward": "forward",
            "ortho": "ortho"
          },
          "index": 3,
          "kind": "POSITIONAL_OR_KEYWORD",
          "name": "norm",
          "type": "choices",
          "value": "backward"
        },
        "s": {
          "index": 1,
          "kind": "POSITIONAL_OR_KEYWORD",
          "name": "s",
          "type": "tuple",
          "value": "None"
        }
      },
      "from": "np",
      "name": "fft2",
      "op": "map",
      "output": [],
      "type": "func",
      "uuid": "79a25fe1adcc1662cdf53f0c43f186f3"
    },
    "79cadf6ea1be2e231cbf436f8ea6928c": {
      "args": {
        "filename": {
          "index": 0,
          "kind": "POSITIONAL_OR_KEYWORD",
          "name": "filename",
          "type": "Any",
          "value": null
        },
        "flags": {
          "choices": {
            "IMREAD_ANYCOLOR": 4,
            "IMREAD_ANYDEPTH": 2,
            "IMREAD_COLOR": 1,
            "IMREAD_GRAYSCALE": 0,
            "IMREAD_IGNORE_ORIENTATION": 128,
            "IMREAD_LOAD_GDAL": 8,
            "IMREAD_REDUCED_COLOR_2": 17,
            "IMREAD_REDUCED_COLOR_4": 33,
            "IMREAD_REDUCED_COLOR_8": 65,
            "IMREAD_REDUCED_GRAYSCALE_2": 16,
            "IMREAD_REDUCED_GRAYSCALE_4": 32,
            "IMREAD_REDUCED_GRAYSCALE_8": 64,
            "IMREAD_UNCHANGED": -1,
            "default": 0
          },
          "index": 1,
          "kind": "POSITIONAL_OR_KEYWORD",
          "name": "flags",
          "type": "choices",
          "value": 0
        }
      },
      "from": "cv2",
      "name": "imread",
      "op": "map",
      "output": [],
      "type": "func",
      "uuid": "79cadf6ea1be2e231cbf436f8ea6928c"
    },
    "8e14c6aa5c559d2e7babad8d243c85b2": {
      "args": {
        "args": {
          "index": 1,
          "kind": "POSITIONAL_OR_KEYWORD",
          "type": "list",
          "value": [
            "x0"
          ]
        },
        "line": {
          "index": 0,
          "kind": "POSITIONAL_OR_KEYWORD",
          "type": "str",
          "value": "255-x0"
        }
      },
      "from": "custom",
      "line": "255-x0",
      "name": "LAMBDA",
      "op": "map",
      "type": "lambda",
      "uuid": "8e14c6aa5c559d2e7babad8d243c85b2"
    },
    "ba086d523a52fddb8b1cf4b966b046d3": {
      "args": {
        "args": {
          "index": 1,
          "kind": "POSITIONAL_OR_KEYWORD",
          "type": "list",
          "value": [
            "x0"
          ]
        },
        "line": {
          "index": 0,
          "kind": "POSITIONAL_OR_KEYWORD",
          "type": "str",
          "value": "x0.real"
        }
      },
      "from": "custom",
      "line": "x0.real",
      "name": "LAMBDA",
      "op": "map",
      "type": "lambda",
      "uuid": "ba086d523a52fddb8b1cf4b966b046d3"
    },
    "ba1a926ea1816e46f0a99199dc56e8d0": {
      "args": {
        "color": {
          "index": 3,
          "kind": "POSITIONAL_OR_KEYWORD",
          "name": "color",
          "type": "tuple",
          "value": "(255, 255, 255)"
        },
        "img": {
          "index": 0,
          "kind": "POSITIONAL_OR_KEYWORD",
          "name": "img",
          "type": "NDArray",
          "value": null
        },
        "lineType": {
          "index": 5,
          "kind": "POSITIONAL_OR_KEYWORD",
          "name": "lineType",
          "type": "int",
          "value": 1
        },
        "pt1": {
          "choices": null,
          "index": 1,
          "kind": "POSITIONAL_OR_KEYWORD",
          "name": "pt1",
          "type": "tuple",
          "value": "(246,246)"
        },
        "pt2": {
          "choices": null,
          "index": 2,
          "kind": "POSITIONAL_OR_KEYWORD",
          "name": "pt2",
          "type": "tuple",
          "value": "(266,266)"
        },
        "shift": {
          "choices": null,
          "index": 6,
          "kind": "POSITIONAL_OR_KEYWORD",
          "name": "shift",
          "type": "int",
          "value": 0
        },
        "thickness": {
          "choices": null,
          "index": 4,
          "kind": "POSITIONAL_OR_KEYWORD",
          "name": "thickness",
          "type": "int",
          "value": -1
        }
      },
      "from": "cv2",
      "name": "rectangle",
      "op": "map",
      "output": [],
      "type": "func",
      "uuid": "ba1a926ea1816e46f0a99199dc56e8d0"
    },
    "c3bac6523532b4c1a7543102ce23bcf6": {
      "args": {
        "input_": {
          "index": 0,
          "kind": "POSITIONAL_OR_KEYWORD",
          "name": "input_",
          "type": "Any",
          "value": null
        }
      },
      "from": "custom",
      "name": "print_",
      "op": "map",
      "output": [],
      "type": "func",
      "uuid": "c3bac6523532b4c1a7543102ce23bcf6"
    },
    "d47b958a653b58e195aa06eff0d0ee9a": {
      "args": {
        "axes": {
          "index": 1,
          "kind": "POSITIONAL_OR_KEYWORD",
          "name": "axes",
          "type": "tuple",
          "value": "None"
        },
        "x": {
          "index": 0,
          "kind": "POSITIONAL_OR_KEYWORD",
          "name": "x",
          "type": "Any",
          "value": null
        }
      },
      "from": "np",
      "name": "fftshift",
      "op": "map",
      "output": [],
      "type": "func",
      "uuid": "d47b958a653b58e195aa06eff0d0ee9a"
    },
    "dc8e390feaded012e5b22fc377f80bec": {
      "args": {
        "x1": {
          "index": 0,
          "kind": "POSITIONAL_OR_KEYWORD",
          "name": "x1",
          "type": "Any",
          "value": null
        },
        "x2": {
          "index": 1,
          "kind": "POSITIONAL_OR_KEYWORD",
          "name": "x2",
          "type": "Any",
          "value": null
        }
      },
      "from": "np",
      "name": "multiply",
      "op": "map",
      "output": [],
      "type": "func",
      "uuid": "dc8e390feaded012e5b22fc377f80bec"
    },
    "f9f5cd8de3f1572d2d6ebb50cd126fb9": {
      "args": {
        "x": {
          "index": 0,
          "kind": "POSITIONAL_OR_KEYWORD",
          "name": "x",
          "type": "Any",
          "value": null
        }
      },
      "from": "np",
      "name": "absolute",
      "op": "map",
      "output": [],
      "type": "func",
      "uuid": "f9f5cd8de3f1572d2d6ebb50cd126fb9"
    },
    "fdc8808c05bc588a84949ec047f5f122": {
      "args": {
        "dtype": {
          "choices": {
            "complex": "complex",
            "default": "uint8",
            "double": "double",
            "float16": "float16",
            "float32": "float32",
            "float64": "float64",
            "float_": "float_",
            "half": "half",
            "longdouble": "longdouble",
            "longfloat": "longfloat",
            "single": "single",
            "uint16": "uint16",
            "uint32": "uint32",
            "uint64": "uint64",
            "uint8": "uint8"
          },
          "index": 1,
          "kind": "POSITIONAL_OR_KEYWORD",
          "name": "dtype",
          "type": "choices",
          "value": "uint8"
        },
        "shape": {
          "choices": null,
          "index": 0,
          "kind": "POSITIONAL_OR_KEYWORD",
          "name": "shape",
          "type": "tuple",
          "value": "(512,512)"
        }
      },
      "from": "np",
      "name": "zeros",
      "op": "",
      "output": [],
      "type": "func",
      "uuid": "fdc8808c05bc588a84949ec047f5f122"
    },
    "0f1c7dcddf0ed850d0e844f439809519": {
      "type": "func",
      "from": "observables",
      "uuid": "0f1c7dcddf0ed850d0e844f439809519",
      "name": "of",
      "output": [],
      "op": "",
      "returnType": "Observable",
      "args": {
        "args": {
          "index": 0,
          "kind": "VAR_POSITIONAL",
          "name": "args",
          "type": "list",
          "value": [
            "@parameter_input"
          ],
          "choices": null
        }
      }
    }
  },
  "relations": {
    "c011cd4d3c2bdde8c49183999b075bb0": {
      "type": "observerable",
      "from": "core",
      "name": "build_observerable",
      "args": {
        "head": {
          "value": "@0f1c7dcddf0ed850d0e844f439809519"
        },
        "pipe": {
          "type": "list",
          "value": [
            null,
            "@79cadf6ea1be2e231cbf436f8ea6928c",
            null,
            "@79a25fe1adcc1662cdf53f0c43f186f3",
            null,
            "@d47b958a653b58e195aa06eff0d0ee9a"
          ]
        },
        "subscribe": {
          "type": "str",
          "value": "@core.get_subject('c011cd4d3c2bdde8c49183999b075bb0')",
          "extraData": {
            "type": "multicast",
            "value": [
              0
            ]
          }
        }
      }
    },
    "c011cd4d3c2bdde8c49183999b075bb0_0": {
      "type": "observerable",
      "from": "core",
      "name": "build_observerable",
      "args": {
        "head": {
          "value": "@core.get_subject('c011cd4d3c2bdde8c49183999b075bb0')"
        },
        "pipe": {
          "type": "list",
          "value": [
            null,
            "@61f003969f494deb94dd3855da21be5f",
            null,
            "@28963cc3533b804143828934e78421d0"
          ]
        },
        "subscribe": {
          "type": "str",
          "value": "@75b6ccf158d21d6efb896ed56ef137a2",
          "extraData": {
            "type": "single",
            "value": "@75b6ccf158d21d6efb896ed56ef137a2"
          }
        }
      }
    }
  },
  "parameters": {
    "parameter_input": {
      "args": {
        "input_": {
          "type": "str",
          "value": "data/Lenna.png"
        }
      },
      "from": "custom",
      "name": "parameter",
      "tag": "input"
    }
  }
}