{
  "observers": {
    "0f1c7dcddf0ed850d0e844f439809519": {
      "args": {
        "args": {
          "choices": null,
          "index": 0,
          "kind": "VAR_POSITIONAL",
          "name": "args",
          "type": "list",
          "value": [
            "@parameter_input"
          ]
        }
      },
      "from": "observables",
      "name": "of",
      "op": "",
      "output": [],
      "returnType": "Observable",
      "type": "func",
      "uuid": "0f1c7dcddf0ed850d0e844f439809519"
    },
    "17729c1dd25c1bb1b886068a5e2e9cd7": {
      "args": {
        "args": {
          "index": 1,
          "kind": "POSITIONAL_OR_KEYWORD",
          "type": "list",
          "value": [
            "x0"
          ]
        },
        "line": {
          "index": 0,
          "kind": "POSITIONAL_OR_KEYWORD",
          "type": "str",
          "value": "len(x0)"
        }
      },
      "from": "custom",
      "line": "len(x0)",
      "name": "LAMBDA",
      "op": "map",
      "type": "lambda",
      "uuid": "17729c1dd25c1bb1b886068a5e2e9cd7"
    },
    "204dbe43768d12741fe96022399d0266": {
      "args": {
        "image": {
          "index": 0,
          "kind": "POSITIONAL_OR_KEYWORD",
          "name": "image",
          "type": "NDArray",
          "value": null
        },
        "mask": {
          "index": 3,
          "kind": "POSITIONAL_OR_KEYWORD",
          "name": "mask",
          "type": "NDArray",
          "value": "None"
        },
        "method": {
          "choices": null,
          "index": 2,
          "kind": "POSITIONAL_OR_KEYWORD",
          "name": "method",
          "title_tag": true,
          "type": "choices",
          "value": "@parameter_method"
        },
        "templ": {
          "index": 1,
          "kind": "POSITIONAL_OR_KEYWORD",
          "name": "templ",
          "type": "NDArray",
          "value": null
        }
      },
      "from": "cv2",
      "name": "matchTemplate",
      "op": "map",
      "output": [],
      "type": "func",
      "uuid": "204dbe43768d12741fe96022399d0266"
    },
    "2824df07290ea248c66611f2074482d7": {
      "args": {
        "contour": {
          "index": 0,
          "kind": "POSITIONAL_OR_KEYWORD",
          "name": "contour",
          "type": "Any",
          "value": null
        },
        "oriented": {
          "index": 1,
          "kind": "POSITIONAL_OR_KEYWORD",
          "name": "oriented",
          "type": "bool",
          "value": false
        }
      },
      "from": "cv2",
      "name": "contourArea",
      "op": "map",
      "output": [],
      "type": "func",
      "uuid": "2824df07290ea248c66611f2074482d7"
    },
    "36fa96199f56b67d07ed55ac63e0a8b0": {
      "args": {
        "args": {
          "index": 1,
          "kind": "POSITIONAL_OR_KEYWORD",
          "type": "list",
          "value": [
            "x0"
          ]
        },
        "line": {
          "index": 0,
          "kind": "POSITIONAL_OR_KEYWORD",
          "type": "str",
          "value": "x0.astype('uint8')"
        }
      },
      "from": "custom",
      "line": "x0.astype('uint8')",
      "name": "LAMBDA",
      "op": "map",
      "type": "lambda",
      "uuid": "36fa96199f56b67d07ed55ac63e0a8b0"
    },
    "4ebae39eede60c962ca4215a6592d954": {
      "args": {
        "args": {
          "index": 1,
          "kind": "POSITIONAL_OR_KEYWORD",
          "type": "list",
          "value": [
            "x0"
          ]
        },
        "line": {
          "index": 0,
          "kind": "POSITIONAL_OR_KEYWORD",
          "type": "str",
          "value": "100<x0<400"
        }
      },
      "from": "custom",
      "line": "100<x0<400",
      "name": "LAMBDA",
      "op": "",
      "type": "lambda",
      "uuid": "4ebae39eede60c962ca4215a6592d954"
    },
    "655a88619c120280de0d1f2b7430522c": {
      "args": {
        "mat": {
          "index": 0,
          "kind": "POSITIONAL_OR_KEYWORD",
          "name": "mat",
          "type": "NDArray",
          "value": null
        }
      },
      "from": "custom",
      "name": "imshow",
      "op": "map",
      "output": [],
      "type": "func",
      "uuid": "655a88619c120280de0d1f2b7430522c"
    },
    "7254fba4bf7e5dfde266a88603185a96": {
      "args": {
        "maxval": {
          "choices": null,
          "index": 2,
          "kind": "POSITIONAL_OR_KEYWORD",
          "name": "maxval",
          "type": "float",
          "value": 255
        },
        "src": {
          "index": 0,
          "kind": "POSITIONAL_OR_KEYWORD",
          "name": "src",
          "type": "NDArray",
          "value": null
        },
        "thresh": {
          "choices": null,
          "index": 1,
          "kind": "POSITIONAL_OR_KEYWORD",
          "name": "thresh",
          "title_tag": true,
          "type": "float",
          "value": "@parameter_thresh"
        },
        "type": {
          "choices": {
            "THRESH_BINARY": 0,
            "THRESH_BINARY_INV": 1,
            "THRESH_MASK": 7,
            "THRESH_OTSU": 8,
            "THRESH_TOZERO": 3,
            "THRESH_TOZERO_INV": 4,
            "THRESH_TRIANGLE": 16,
            "THRESH_TRUNC": 2,
            "default": 0
          },
          "index": 3,
          "kind": "POSITIONAL_OR_KEYWORD",
          "name": "type",
          "type": "choices",
          "value": 0
        }
      },
      "from": "cv2",
      "name": "threshold",
      "op": "map",
      "output": [],
      "type": "func",
      "uuid": "7254fba4bf7e5dfde266a88603185a96"
    },
    "75b6ccf158d21d6efb896ed56ef137a2": {
      "args": {
        "mat": {
          "index": 0,
          "kind": "POSITIONAL_OR_KEYWORD",
          "name": "mat",
          "type": "NDArray",
          "value": null
        }
      },
      "from": "custom",
      "name": "imshow",
      "op": "",
      "output": [],
      "type": "func",
      "uuid": "75b6ccf158d21d6efb896ed56ef137a2"
    },
    "79cadf6ea1be2e231cbf436f8ea6928c": {
      "args": {
        "filename": {
          "index": 0,
          "kind": "POSITIONAL_OR_KEYWORD",
          "name": "filename",
          "type": "Any",
          "value": null
        },
        "flags": {
          "choices": {
            "IMREAD_ANYCOLOR": 4,
            "IMREAD_ANYDEPTH": 2,
            "IMREAD_COLOR": 1,
            "IMREAD_GRAYSCALE": 0,
            "IMREAD_IGNORE_ORIENTATION": 128,
            "IMREAD_LOAD_GDAL": 8,
            "IMREAD_REDUCED_COLOR_2": 17,
            "IMREAD_REDUCED_COLOR_4": 33,
            "IMREAD_REDUCED_COLOR_8": 65,
            "IMREAD_REDUCED_GRAYSCALE_2": 16,
            "IMREAD_REDUCED_GRAYSCALE_4": 32,
            "IMREAD_REDUCED_GRAYSCALE_8": 64,
            "IMREAD_UNCHANGED": -1,
            "default": 0
          },
          "index": 1,
          "kind": "POSITIONAL_OR_KEYWORD",
          "name": "flags",
          "type": "choices",
          "value": 0
        }
      },
      "from": "cv2",
      "name": "imread",
      "op": "map",
      "output": [],
      "type": "func",
      "uuid": "79cadf6ea1be2e231cbf436f8ea6928c"
    },
    "845a28978d4a83a6038bfd32ae70c41e": {
      "args": {
        "predicate": {
          "choices": null,
          "index": 0,
          "kind": "POSITIONAL_OR_KEYWORD",
          "name": "predicate",
          "type": "Any",
          "value": "@4ebae39eede60c962ca4215a6592d954"
        }
      },
      "from": "operators",
      "name": "filter",
      "op": "",
      "output": [],
      "type": "func",
      "uuid": "845a28978d4a83a6038bfd32ae70c41e"
    },
    "883dddc6a26e1b4d98e5032b7e35558c": {
      "args": {
        "input_": {
          "index": 0,
          "kind": "POSITIONAL_OR_KEYWORD",
          "name": "input_",
          "type": "Any",
          "value": null
        }
      },
      "from": "custom",
      "name": "print_",
      "op": "",
      "output": [],
      "type": "func",
      "uuid": "883dddc6a26e1b4d98e5032b7e35558c"
    },
    "a902efccaae0e05d8c378f16fce8b97b": {
      "args": {},
      "from": "operators",
      "name": "merge_all",
      "op": "",
      "output": [],
      "type": "func",
      "uuid": "a902efccaae0e05d8c378f16fce8b97b"
    },
    "c398356b457f3d963116c126c503d552": {
      "type": "func",
      "from": "operators",
      "uuid": "c398356b457f3d963116c126c503d552",
      "name": "count",
      "output": [],
      "op": "",
      "returnType": "Callable",
      "args": {
        "predicate": {
          "index": 0,
          "kind": "POSITIONAL_OR_KEYWORD",
          "name": "predicate",
          "type": "Any",
          "value": "None"
        }
      }
    },
    "ca8d47e528889b2ae2c321ad896b42c6": {
      "args": {
        "image": {
          "index": 0,
          "kind": "POSITIONAL_OR_KEYWORD",
          "name": "image",
          "type": "NDArray",
          "value": null
        },
        "method": {
          "choices": null,
          "index": 2,
          "kind": "POSITIONAL_OR_KEYWORD",
          "name": "method",
          "type": "choices",
          "value": 1
        },
        "mode": {
          "choices": null,
          "index": 1,
          "kind": "POSITIONAL_OR_KEYWORD",
          "name": "mode",
          "type": "choices",
          "value": 1
        },
        "offset": {
          "index": 3,
          "kind": "POSITIONAL_OR_KEYWORD",
          "name": "offset",
          "type": "tuple",
          "value": "(0, 0)"
        }
      },
      "from": "cv2",
      "name": "findContours",
      "op": "map",
      "output": [],
      "type": "func",
      "uuid": "ca8d47e528889b2ae2c321ad896b42c6"
    },
    "d113897b28aa1488bdea190861121863": {
      "args": {
        "args": {
          "choices": null,
          "index": 0,
          "kind": "VAR_POSITIONAL",
          "name": "args",
          "type": "list",
          "value": [
            "@c011cd4d3c2bdde8c49183999b075bb0_0",
            "@c011cd4d3c2bdde8c49183999b075bb0_1"
          ]
        }
      },
      "from": "observables",
      "name": "zip",
      "op": "",
      "output": [],
      "returnType": "Observable",
      "type": "func",
      "uuid": "d113897b28aa1488bdea190861121863"
    },
    "e66254447ea4420151568e11b4cf7e48": {
      "args": {
        "mat": {
          "index": 0,
          "kind": "POSITIONAL_OR_KEYWORD",
          "name": "mat",
          "type": "NDArray",
          "value": null
        },
        "xmax": {
          "choices": null,
          "index": 3,
          "kind": "POSITIONAL_OR_KEYWORD",
          "name": "xmax",
          "type": "int",
          "value": "@parameter_xmax"
        },
        "xmin": {
          "choices": null,
          "index": 1,
          "kind": "POSITIONAL_OR_KEYWORD",
          "name": "xmin",
          "title_tag": true,
          "type": "int",
          "value": "@parameter_xmin"
        },
        "ymax": {
          "choices": null,
          "index": 4,
          "kind": "POSITIONAL_OR_KEYWORD",
          "name": "ymax",
          "type": "int",
          "value": "@parameter_ymax"
        },
        "ymin": {
          "choices": null,
          "index": 2,
          "kind": "POSITIONAL_OR_KEYWORD",
          "name": "ymin",
          "type": "int",
          "value": "@parameter_ymin"
        }
      },
      "from": "custom",
      "name": "roi_img",
      "op": "map",
      "output": [],
      "type": "func",
      "uuid": "e66254447ea4420151568e11b4cf7e48"
    },
    "b7f73b7b590a15fdcbe9a441355cbe5e": {
      "type": "func",
      "from": "observables",
      "uuid": "b7f73b7b590a15fdcbe9a441355cbe5e",
      "name": "from_iterable",
      "output": [],
      "op": "map",
      "returnType": "Callable",
      "args": {
        "iterable": {
          "index": 0,
          "kind": "POSITIONAL_OR_KEYWORD",
          "name": "iterable",
          "type": "Any",
          "value": null
        },
        "scheduler": {
          "index": 1,
          "kind": "POSITIONAL_OR_KEYWORD",
          "name": "scheduler",
          "type": "Any",
          "value": "None"
        }
      }
    },
    "d0be15675cfb7593550816d4547684a1": {
      "type": "func",
      "from": "operators",
      "uuid": "d0be15675cfb7593550816d4547684a1",
      "name": "count",
      "output": [],
      "op": "map",
      "returnType": "Callable",
      "args": {
        "predicate": {
          "index": 0,
          "kind": "POSITIONAL_OR_KEYWORD",
          "name": "predicate",
          "type": "Any",
          "value": "None"
        }
      }
    },
    "0a68492787d289373ad4eb17d944f9da": {
      "type": "lambda",
      "from": "custom",
      "line": "200<x0<500",
      "args": {
        "line": {
          "index": 0,
          "kind": "POSITIONAL_OR_KEYWORD",
          "type": "str",
          "value": "200<x0<500"
        },
        "args": {
          "index": 1,
          "kind": "POSITIONAL_OR_KEYWORD",
          "type": "list",
          "value": [
            "x0"
          ]
        }
      },
      "op": "",
      "uuid": "0a68492787d289373ad4eb17d944f9da",
      "name": "LAMBDA"
    },
    "b0b748ad963993faecfddfcf967eda02": {
      "type": "func",
      "from": "operators",
      "uuid": "b0b748ad963993faecfddfcf967eda02",
      "name": "filter",
      "output": [],
      "op": "",
      "returnType": "Callable",
      "args": {
        "predicate": {
          "index": 0,
          "kind": "POSITIONAL_OR_KEYWORD",
          "name": "predicate",
          "type": "Any",
          "value": "@0a68492787d289373ad4eb17d944f9da",
          "choices": null,
          "title_tag": true
        }
      }
    }
  },
  "relations": {
    "6ae0f9a1891266bef152c3c2c31194eb": {
      "args": {
        "head": {
          "value": "@d113897b28aa1488bdea190861121863"
        },
        "pipe": {
          "type": "list",
          "value": [
            null,
            null,
            "@204dbe43768d12741fe96022399d0266",
            null,
            "@7254fba4bf7e5dfde266a88603185a96",
            null,
            "@655a88619c120280de0d1f2b7430522c",
            null,
            "@ca8d47e528889b2ae2c321ad896b42c6",
            null,
            "@b7f73b7b590a15fdcbe9a441355cbe5e",
            "@a902efccaae0e05d8c378f16fce8b97b",
            "@2824df07290ea248c66611f2074482d7",
            null,
            null,
            null,
            null,
            null,
            "@b0b748ad963993faecfddfcf967eda02",
            null,
            null,
            "@c398356b457f3d963116c126c503d552"
          ]
        },
        "subscribe": {
          "extraData": {
            "type": "single",
            "value": "@883dddc6a26e1b4d98e5032b7e35558c"
          },
          "type": "str",
          "value": "@883dddc6a26e1b4d98e5032b7e35558c"
        }
      },
      "from": "core",
      "name": "build_observerable",
      "type": "observerable"
    },
    "c011cd4d3c2bdde8c49183999b075bb0": {
      "args": {
        "head": {
          "value": "@0f1c7dcddf0ed850d0e844f439809519"
        },
        "pipe": {
          "type": "list",
          "value": [
            null,
            "@79cadf6ea1be2e231cbf436f8ea6928c"
          ]
        },
        "subscribe": {
          "extraData": {
            "type": "multicast",
            "value": [
              0,
              1
            ]
          },
          "type": "str",
          "value": "@core.get_subject('c011cd4d3c2bdde8c49183999b075bb0')"
        }
      },
      "from": "core",
      "name": "build_observerable",
      "type": "observerable"
    },
    "c011cd4d3c2bdde8c49183999b075bb0_0": {
      "args": {
        "head": {
          "value": "@core.get_subject('c011cd4d3c2bdde8c49183999b075bb0')"
        },
        "pipe": {
          "type": "list",
          "value": []
        },
        "subscribe": {
          "extraData": {
            "type": "single",
            "value": "None"
          },
          "type": "str",
          "value": "None"
        }
      },
      "from": "core",
      "name": "build_observerable",
      "type": "observerable"
    },
    "c011cd4d3c2bdde8c49183999b075bb0_1": {
      "args": {
        "head": {
          "value": "@core.get_subject('c011cd4d3c2bdde8c49183999b075bb0')"
        },
        "pipe": {
          "type": "list",
          "value": [
            null,
            "@e66254447ea4420151568e11b4cf7e48",
            null
          ]
        },
        "subscribe": {
          "extraData": {
            "type": "single",
            "value": "None"
          },
          "type": "str",
          "value": "None"
        }
      },
      "from": "core",
      "name": "build_observerable",
      "type": "observerable"
    }
  },
  "parameters": {
    "parameter_input": {
      "args": {
        "input_": {
          "type": "str",
          "value": "data/detect.jpg"
        }
      },
      "from": "custom",
      "name": "parameter",
      "tag": "input"
    },
    "parameter_method": {
      "args": {
        "input_": {
          "type": "int",
          "value": 4
        }
      },
      "from": "custom",
      "name": "parameter",
      "tag": "method"
    },
    "parameter_thresh": {
      "args": {
        "input_": {
          "type": "int",
          "value": 1300000
        }
      },
      "from": "custom",
      "name": "parameter",
      "tag": "thresh"
    },
    "parameter_xmax": {
      "args": {
        "input_": {
          "type": "int",
          "value": 130
        }
      },
      "from": "custom",
      "name": "parameter",
      "tag": "xmax"
    },
    "parameter_xmin": {
      "args": {
        "input_": {
          "type": "int",
          "value": 100
        }
      },
      "from": "custom",
      "name": "parameter",
      "tag": "xmin"
    },
    "parameter_ymax": {
      "args": {
        "input_": {
          "type": "int",
          "value": 150
        }
      },
      "from": "custom",
      "name": "parameter",
      "tag": "ymax"
    },
    "parameter_ymin": {
      "args": {
        "input_": {
          "type": "int",
          "value": 120
        }
      },
      "from": "custom",
      "name": "parameter",
      "tag": "ymin"
    }
  }
}