{
  "observers": {
    "17729c1dd25c1bb1b886068a5e2e9cd7": {
      "args": {
        "args": {
          "index": 1,
          "kind": "POSITIONAL_OR_KEYWORD",
          "type": "list",
          "value": [
            "x0"
          ]
        },
        "line": {
          "index": 0,
          "kind": "POSITIONAL_OR_KEYWORD",
          "type": "str",
          "value": "len(x0)"
        }
      },
      "from": "custom",
      "line": "len(x0)",
      "name": "LAMBDA",
      "op": "map",
      "type": "lambda",
      "uuid": "17729c1dd25c1bb1b886068a5e2e9cd7"
    },
    "1dbe6cd51cc844ff969625815a5508cc": {
      "args": {
        "args": {
          "choices": null,
          "index": 0,
          "kind": "VAR_POSITIONAL",
          "name": "args",
          "type": "list",
          "value": [
            "abcd",
            "efg"
          ]
        }
      },
      "from": "observables",
      "name": "of",
      "op": "",
      "output": [],
      "returnType": "Observable",
      "type": "func",
      "uuid": "1dbe6cd51cc844ff969625815a5508cc"
    },
    "883dddc6a26e1b4d98e5032b7e35558c": {
      "args": {
        "input_": {
          "index": 0,
          "kind": "POSITIONAL_OR_KEYWORD",
          "name": "input_",
          "type": "Any",
          "value": null
        }
      },
      "from": "custom",
      "name": "print_",
      "op": "",
      "output": [],
      "type": "func",
      "uuid": "883dddc6a26e1b4d98e5032b7e35558c"
    },
    "95036684e06ef424dc7c792d0688f8c5": {
      "type": "lambda",
      "from": "custom",
      "line": "x0>5",
      "args": {
        "line": {
          "index": 0,
          "kind": "POSITIONAL_OR_KEYWORD",
          "type": "str",
          "value": "x0>5"
        },
        "args": {
          "index": 1,
          "kind": "POSITIONAL_OR_KEYWORD",
          "type": "list",
          "value": [
            "x0"
          ]
        }
      },
      "op": "",
      "uuid": "95036684e06ef424dc7c792d0688f8c5",
      "name": "LAMBDA"
    },
    "263682c32c59bf62a4d7452d5d6943f7": {
      "type": "func",
      "from": "operators",
      "uuid": "263682c32c59bf62a4d7452d5d6943f7",
      "name": "filter",
      "op": "",
      "returnType": "Callable",
      "args": {
        "predicate": {
          "index": 0,
          "kind": "POSITIONAL_OR_KEYWORD",
          "name": "predicate",
          "type": "Any",
          "value": "@95036684e06ef424dc7c792d0688f8c5",
          "choices": null,
          "title_tag": true
        }
      }
    }
  },
  "relations": {
    "27f1d4228baefcc4af9c377d039d6056": {
      "args": {
        "head": {
          "value": "@1dbe6cd51cc844ff969625815a5508cc"
        },
        "pipe": {
          "type": "list",
          "value": [
            null,
            "@17729c1dd25c1bb1b886068a5e2e9cd7",
            "@263682c32c59bf62a4d7452d5d6943f7"
          ]
        },
        "subscribe": {
          "extraData": {
            "type": "single",
            "value": "@883dddc6a26e1b4d98e5032b7e35558c"
          },
          "type": "str",
          "value": "@883dddc6a26e1b4d98e5032b7e35558c"
        }
      },
      "from": "core",
      "name": "build_observerable",
      "type": "observerable"
    }
  },
  "parameters": {}
}