{
  "observers": {
    "086cdcdee556051d2c6b958d92933adb": {
      "args": {
        "dsize": {
          "choices": null,
          "index": 1,
          "kind": "POSITIONAL_OR_KEYWORD",
          "name": "dsize",
          "title_tag": true,
          "type": "tuple",
          "value": "(200,200)"
        },
        "fx": {
          "index": 2,
          "kind": "POSITIONAL_OR_KEYWORD",
          "name": "fx",
          "type": "int",
          "value": 0
        },
        "fy": {
          "index": 3,
          "kind": "POSITIONAL_OR_KEYWORD",
          "name": "fy",
          "type": "int",
          "value": 0
        },
        "interpolation": {
          "choices": {
            "INTER_AREA": 3,
            "INTER_CUBIC": 2,
            "INTER_LANCZOS4": 4,
            "INTER_LINEAR": 1,
            "INTER_LINEAR_EXACT": 5,
            "INTER_MAX": 7,
            "INTER_NEAREST": 0,
            "INTER_NEAREST_EXACT": 6,
            "WARP_FILL_OUTLIERS": 8,
            "WARP_INVERSE_MAP": 16,
            "default": 0
          },
          "index": 4,
          "kind": "POSITIONAL_OR_KEYWORD",
          "name": "interpolation",
          "type": "choices",
          "value": 0
        },
        "src": {
          "index": 0,
          "kind": "POSITIONAL_OR_KEYWORD",
          "name": "src",
          "type": "NDArray",
          "value": null
        }
      },
      "from": "cv2",
      "name": "resize",
      "op": "map",
      "output": [],
      "type": "func",
      "uuid": "086cdcdee556051d2c6b958d92933adb"
    },
    "25bfc197914ac2787f071206bda6b31c": {
      "args": {
        "args": {
          "index": 1,
          "kind": "POSITIONAL_OR_KEYWORD",
          "type": "list",
          "value": [
            "x0"
          ]
        },
        "line": {
          "index": 0,
          "kind": "POSITIONAL_OR_KEYWORD",
          "type": "str",
          "value": "x0.shape"
        }
      },
      "from": "custom",
      "line": "x0.shape",
      "name": "LAMBDA",
      "op": "map",
      "type": "lambda",
      "uuid": "25bfc197914ac2787f071206bda6b31c"
    },
    "2829e6aa42ed8563dfc0f8c346a4b00b": {
      "args": {
        "dst": {
          "index": 1,
          "kind": "POSITIONAL_OR_KEYWORD",
          "name": "dst",
          "type": "NDArray",
          "value": null
        },
        "flags": {
          "choices": {
            "INTER_AREA": 3,
            "INTER_CUBIC": 2,
            "INTER_LANCZOS4": 4,
            "INTER_LINEAR": 1,
            "INTER_LINEAR_EXACT": 5,
            "INTER_MAX": 7,
            "INTER_NEAREST": 0,
            "INTER_NEAREST_EXACT": 6,
            "WARP_FILL_OUTLIERS": 8,
            "WARP_INVERSE_MAP": 16,
            "default": 0
          },
          "index": 4,
          "kind": "POSITIONAL_OR_KEYWORD",
          "name": "flags",
          "type": "choices",
          "value": 0
        },
        "mask": {
          "index": 2,
          "kind": "POSITIONAL_OR_KEYWORD",
          "name": "mask",
          "type": "NDArray",
          "value": null
        },
        "p": {
          "choices": null,
          "index": 3,
          "kind": "POSITIONAL_OR_KEYWORD",
          "name": "p",
          "title_tag": true,
          "type": "tuple",
          "value": "(256,256)"
        },
        "src": {
          "index": 0,
          "kind": "POSITIONAL_OR_KEYWORD",
          "name": "src",
          "type": "NDArray",
          "value": null
        }
      },
      "from": "cv2",
      "name": "seamlessClone",
      "op": "map",
      "output": [],
      "returnType": "NDArray",
      "type": "func",
      "uuid": "2829e6aa42ed8563dfc0f8c346a4b00b"
    },
    "3b1b294fa9fabbb968198c93d42ced3b": {
      "args": {
        "filename": {
          "index": 0,
          "kind": "POSITIONAL_OR_KEYWORD",
          "name": "filename",
          "type": "Any",
          "value": null
        },
        "flags": {
          "choices": {
            "IMREAD_ANYCOLOR": 4,
            "IMREAD_ANYDEPTH": 2,
            "IMREAD_COLOR": 1,
            "IMREAD_GRAYSCALE": 0,
            "IMREAD_IGNORE_ORIENTATION": 128,
            "IMREAD_LOAD_GDAL": 8,
            "IMREAD_REDUCED_COLOR_2": 17,
            "IMREAD_REDUCED_COLOR_4": 33,
            "IMREAD_REDUCED_COLOR_8": 65,
            "IMREAD_REDUCED_GRAYSCALE_2": 16,
            "IMREAD_REDUCED_GRAYSCALE_4": 32,
            "IMREAD_REDUCED_GRAYSCALE_8": 64,
            "IMREAD_UNCHANGED": -1,
            "default": 0
          },
          "index": 1,
          "kind": "POSITIONAL_OR_KEYWORD",
          "name": "flags",
          "type": "choices",
          "value": 0
        }
      },
      "from": "cv2",
      "name": "imread",
      "op": "map",
      "output": [],
      "type": "func",
      "uuid": "3b1b294fa9fabbb968198c93d42ced3b"
    },
    "5b151b93617ceee39876bbf11b334d35": {
      "args": {
        "args": {
          "choices": null,
          "index": 0,
          "kind": "VAR_POSITIONAL",
          "name": "args",
          "title_tag": true,
          "type": "list",
          "value": [
            "@parameter_target"
          ]
        }
      },
      "from": "observables",
      "name": "of",
      "op": "",
      "output": [],
      "returnType": "Observable",
      "type": "func",
      "uuid": "5b151b93617ceee39876bbf11b334d35"
    },
    "66c8eb5eeb779f04fe1aee18c90b2e35": {
      "args": {
        "dtype": {
          "choices": {
            "complex": "complex",
            "default": "uint8",
            "double": "double",
            "float16": "float16",
            "float32": "float32",
            "float64": "float64",
            "float_": "float_",
            "half": "half",
            "longdouble": "longdouble",
            "longfloat": "longfloat",
            "single": "single",
            "uint16": "uint16",
            "uint32": "uint32",
            "uint64": "uint64",
            "uint8": "uint8"
          },
          "index": 1,
          "kind": "POSITIONAL_OR_KEYWORD",
          "name": "dtype",
          "type": "choices",
          "value": "uint8"
        },
        "shape": {
          "index": 0,
          "kind": "POSITIONAL_OR_KEYWORD",
          "name": "shape",
          "type": "tuple",
          "value": null
        }
      },
      "from": "np",
      "name": "ones",
      "op": "map",
      "output": [],
      "returnType": "empty",
      "type": "func",
      "uuid": "66c8eb5eeb779f04fe1aee18c90b2e35"
    },
    "72c21ed20cba7a4cf6d0f564f3f70cb8": {
      "args": {
        "image": {
          "index": 0,
          "kind": "POSITIONAL_OR_KEYWORD",
          "name": "image",
          "type": "NDArray",
          "value": null
        },
        "method": {
          "choices": {
            "CHAIN_APPROX_NONE": 1,
            "CHAIN_APPROX_SIMPLE": 2,
            "CHAIN_APPROX_TC89_KCOS": 4,
            "CHAIN_APPROX_TC89_L1": 3,
            "default": 0
          },
          "index": 2,
          "kind": "POSITIONAL_OR_KEYWORD",
          "name": "method",
          "type": "choices",
          "value": 0
        },
        "mode": {
          "choices": {
            "RETR_CCOMP": 2,
            "RETR_EXTERNAL": 0,
            "RETR_FLOODFILL": 4,
            "RETR_LIST": 1,
            "RETR_TREE": 3,
            "default": 0
          },
          "index": 1,
          "kind": "POSITIONAL_OR_KEYWORD",
          "name": "mode",
          "type": "choices",
          "value": 0
        },
        "offset": {
          "index": 3,
          "kind": "POSITIONAL_OR_KEYWORD",
          "name": "offset",
          "type": "tuple",
          "value": "(0, 0)"
        }
      },
      "from": "cv2",
      "name": "findContours",
      "op": "map",
      "output": [],
      "returnType": "NDArray",
      "type": "func",
      "uuid": "72c21ed20cba7a4cf6d0f564f3f70cb8"
    },
    "75b6ccf158d21d6efb896ed56ef137a2": {
      "args": {
        "mat": {
          "index": 0,
          "kind": "POSITIONAL_OR_KEYWORD",
          "name": "mat",
          "type": "NDArray",
          "value": null
        }
      },
      "from": "custom",
      "name": "imshow",
      "op": "",
      "output": [],
      "type": "func",
      "uuid": "75b6ccf158d21d6efb896ed56ef137a2"
    },
    "a2dc84353c5f55f366d01e0a0b0309f8": {
      "args": {
        "args": {
          "choices": null,
          "index": 0,
          "kind": "VAR_POSITIONAL",
          "name": "args",
          "type": "list",
          "value": [
            "@f9888959840717ad5ee5b797b2679f91_0",
            "@5e470436b020d8ccaa6be59fa5c2a2b1",
            "@f9888959840717ad5ee5b797b2679f91_1"
          ]
        }
      },
      "from": "observables",
      "name": "zip",
      "op": "",
      "output": [],
      "returnType": "Observable",
      "type": "func",
      "uuid": "a2dc84353c5f55f366d01e0a0b0309f8"
    },
    "c7c863a2f187eb02c4dedb467ff5aba8": {
      "args": {
        "args": {
          "choices": null,
          "index": 0,
          "kind": "VAR_POSITIONAL",
          "name": "args",
          "title_tag": true,
          "type": "list",
          "value": [
            "@parameter_background"
          ]
        }
      },
      "from": "observables",
      "name": "of",
      "op": "",
      "output": [],
      "returnType": "Observable",
      "type": "func",
      "uuid": "c7c863a2f187eb02c4dedb467ff5aba8"
    },
    "fade6414089d497bd0136ac931883a54": {
      "args": {
        "args": {
          "index": 1,
          "kind": "POSITIONAL_OR_KEYWORD",
          "type": "list",
          "value": [
            "x0"
          ]
        },
        "line": {
          "index": 0,
          "kind": "POSITIONAL_OR_KEYWORD",
          "type": "str",
          "value": "x0*255"
        }
      },
      "from": "custom",
      "line": "x0*255",
      "name": "LAMBDA",
      "op": "map",
      "type": "lambda",
      "uuid": "fade6414089d497bd0136ac931883a54"
    },
    "c6c79b8365714996aaa18801bafc6804": {
      "type": "func",
      "from": "cv2",
      "uuid": "c6c79b8365714996aaa18801bafc6804",
      "name": "resize",
      "output": [],
      "op": "map",
      "returnType": "NDArray",
      "args": {
        "dsize": {
          "index": 1,
          "kind": "POSITIONAL_OR_KEYWORD",
          "name": "dsize",
          "type": "tuple",
          "value": "(128,128)",
          "choices": null,
          "title_tag": true
        },
        "fx": {
          "index": 2,
          "kind": "POSITIONAL_OR_KEYWORD",
          "name": "fx",
          "type": "int",
          "value": 0
        },
        "fy": {
          "index": 3,
          "kind": "POSITIONAL_OR_KEYWORD",
          "name": "fy",
          "type": "int",
          "value": 0
        },
        "interpolation": {
          "choices": null,
          "index": 4,
          "kind": "POSITIONAL_OR_KEYWORD",
          "name": "interpolation",
          "type": "choices",
          "value": 2
        },
        "src": {
          "index": 0,
          "kind": "POSITIONAL_OR_KEYWORD",
          "name": "src",
          "type": "NDArray",
          "value": null
        }
      }
    },
    "c0e12de8ac8206de38428f691b607d5a": {
      "type": "func",
      "from": "cv2",
      "uuid": "c0e12de8ac8206de38428f691b607d5a",
      "name": "resize",
      "output": [],
      "op": "map",
      "returnType": "NDArray",
      "args": {
        "dsize": {
          "index": 1,
          "kind": "POSITIONAL_OR_KEYWORD",
          "name": "dsize",
          "type": "tuple",
          "value": "(512,512)",
          "choices": null,
          "title_tag": true
        },
        "fx": {
          "index": 2,
          "kind": "POSITIONAL_OR_KEYWORD",
          "name": "fx",
          "type": "int",
          "value": 0
        },
        "fy": {
          "index": 3,
          "kind": "POSITIONAL_OR_KEYWORD",
          "name": "fy",
          "type": "int",
          "value": 0
        },
        "interpolation": {
          "choices": null,
          "index": 4,
          "kind": "POSITIONAL_OR_KEYWORD",
          "name": "interpolation",
          "type": "choices",
          "value": 2
        },
        "src": {
          "index": 0,
          "kind": "POSITIONAL_OR_KEYWORD",
          "name": "src",
          "type": "NDArray",
          "value": null
        }
      }
    }
  },
  "relations": {
    "5e470436b020d8ccaa6be59fa5c2a2b1": {
      "args": {
        "head": {
          "value": "@c7c863a2f187eb02c4dedb467ff5aba8"
        },
        "pipe": {
          "type": "list",
          "value": [
            "@3b1b294fa9fabbb968198c93d42ced3b",
            null,
            "@c0e12de8ac8206de38428f691b607d5a"
          ]
        },
        "subscribe": {
          "extraData": {
            "type": "single",
            "value": null
          },
          "type": "str",
          "value": "None"
        }
      },
      "from": "core",
      "name": "build_observerable",
      "type": "observerable"
    },
    "a2cd4302703ff715f104eaae5bb3a736": {
      "args": {
        "head": {
          "value": "@a2dc84353c5f55f366d01e0a0b0309f8"
        },
        "pipe": {
          "type": "list",
          "value": [
            null,
            "@2829e6aa42ed8563dfc0f8c346a4b00b"
          ]
        },
        "subscribe": {
          "extraData": {
            "type": "single",
            "value": "@75b6ccf158d21d6efb896ed56ef137a2"
          },
          "type": "str",
          "value": "@75b6ccf158d21d6efb896ed56ef137a2"
        }
      },
      "from": "core",
      "name": "build_observerable",
      "type": "observerable"
    },
    "f9888959840717ad5ee5b797b2679f91": {
      "args": {
        "head": {
          "value": "@5b151b93617ceee39876bbf11b334d35"
        },
        "pipe": {
          "type": "list",
          "value": [
            "@3b1b294fa9fabbb968198c93d42ced3b",
            null,
            "@c6c79b8365714996aaa18801bafc6804"
          ]
        },
        "subscribe": {
          "extraData": {
            "type": "multicast",
            "value": [
              0,
              1
            ]
          },
          "type": "str",
          "value": "@core.get_subject('f9888959840717ad5ee5b797b2679f91')"
        }
      },
      "from": "core",
      "name": "build_observerable",
      "type": "observerable"
    },
    "f9888959840717ad5ee5b797b2679f91_0": {
      "args": {
        "head": {
          "value": "@core.get_subject('f9888959840717ad5ee5b797b2679f91')"
        },
        "pipe": {
          "type": "list",
          "value": []
        },
        "subscribe": {
          "extraData": {
            "type": "single",
            "value": null
          },
          "type": "str",
          "value": "None"
        }
      },
      "from": "core",
      "name": "build_observerable",
      "type": "observerable"
    },
    "f9888959840717ad5ee5b797b2679f91_1": {
      "args": {
        "head": {
          "value": "@core.get_subject('f9888959840717ad5ee5b797b2679f91')"
        },
        "pipe": {
          "type": "list",
          "value": [
            null,
            "@25bfc197914ac2787f071206bda6b31c",
            null,
            "@66c8eb5eeb779f04fe1aee18c90b2e35",
            null,
            "@fade6414089d497bd0136ac931883a54"
          ]
        },
        "subscribe": {
          "extraData": {
            "type": "single",
            "value": null
          },
          "type": "str",
          "value": "None"
        }
      },
      "from": "core",
      "name": "build_observerable",
      "type": "observerable"
    }
  },
  "parameters": {
    "parameter_SEAM": {
      "args": {
        "input_": {
          "type": "int",
          "value": 2
        }
      },
      "from": "custom",
      "name": "parameter",
      "tag": "SEAM"
    },
    "parameter_background": {
      "args": {
        "input_": {
          "type": "str",
          "value": "data/wd.jpg"
        }
      },
      "from": "custom",
      "name": "parameter",
      "tag": "background"
    },
    "parameter_resize": {
      "args": {
        "input_": {
          "type": "tuple",
          "value": "(17,17)"
        }
      },
      "from": "custom",
      "name": "parameter",
      "tag": "resize"
    },
    "parameter_target": {
      "args": {
        "input_": {
          "type": "str",
          "value": "data/Lenna.png"
        }
      },
      "from": "custom",
      "name": "parameter",
      "tag": "target"
    },
    "parameter_thresh": {
      "args": {
        "input_": {
          "type": "int",
          "value": 127
        }
      },
      "from": "custom",
      "name": "parameter",
      "tag": "thresh"
    }
  }
}